{"cameraMode":{"drawMode":0,"name":"Shaded","section":"Shading Mode"},"sceneLighting":true,"audioPlay":false,"sceneViewState":{"m_AlwaysRefresh":false,"showFog":true,"showSkybox":true,"showFlares":true,"showImageEffects":true,"showParticleSystems":true,"showVisualEffectGraphs":true,"m_FxEnabled":true},"in2DMode":false,"pivot":{"x":16.88429069519043,"y":12.11258316040039,"z":-22.539016723632814},"rotation":{"x":0.22330142557621003,"y":-0.6339424848556519,"z":0.1975962072610855,"w":0.7138832807540894},"size":0.27876436710357668,"orthographic":false}